[
  { "id": 1, "category_name": "증류주" },
  { "id": 2, "category_name": "맥주" },
  { "id": 3, "category_name": "와인" },
  { "id": 4, "category_name": "브랜디" },
  { "id": 5, "category_name": "위스키" },
  { "id": 6, "category_name": "진" },
  { "id": 7, "category_name": "럼" },
  { "id": 8, "category_name": "테킬라" },
  { "id": 9, "category_name": "리큐르" },
  { "id": 10, "category_name": "막걸리" },
  { "id": 11, "category_name": "보드카" },
  { "id": 12, "category_name": "소주" },
  { "id": 13, "category_name": "기타" }
]
