[
    { "id": 1, "cocktail_id": 1, "category_id": 7, "ingredient_name": "라이트 럼", "measure": "2-3 온스" },
    { "id": 2, "cocktail_id": 1, "category_id": 13, "ingredient_name": "라임", "measure": "1 병" },
    { "id": 3, "cocktail_id": 1, "category_id": 13, "ingredient_name": "설탕", "measure": "2 티스푼" },
    { "id": 4, "cocktail_id": 1, "category_id": 13, "ingredient_name": "민트", "measure": "2-4 개" },
    { "id": 5, "cocktail_id": 1, "category_id": 13, "ingredient_name": "소다수", "measure": "1/2 컵" },
    { "id": 6, "cocktail_id": 2, "category_id": 5, "ingredient_name": "버번 위스키", "measure": "4.5 cL" },
    { "id": 7, "cocktail_id": 2, "category_id": 9, "ingredient_name": "앙고스투라 비터", "measure": "2 개" },
    { "id": 8, "cocktail_id": 2, "category_id": 13, "ingredient_name": "설탕", "measure": "1 큐브" },
    { "id": 9, "cocktail_id": 2, "category_id": 13, "ingredient_name": "물", "measure": "1 병" },
    { "id": 10, "cocktail_id": 3, "category_id": 6, "ingredient_name": "진", "measure": "2/3온스 " },
    { "id": 11, "cocktail_id": 3, "category_id": 3, "ingredient_name": "드라이 버무스", "measure": "1/3온스 " },
    { "id": 12, "cocktail_id": 3, "category_id": 13, "ingredient_name": "올리브", "measure": "1 개" },
    { "id": 13, "cocktail_id": 4, "category_id": 3, "ingredient_name": "달콤한 베르무트", "measure": "3/4 온스" },
    { "id": 14, "cocktail_id": 4, "category_id": 5, "ingredient_name": "버번 위스키", "measure": "1/2 온스 혼합" },
    { "id": 15, "cocktail_id": 4, "category_id": 9, "ingredient_name": "앙고스투라 비터", "measure": "1 개" },
    { "id": 16, "cocktail_id": 4, "category_id": 13, "ingredient_name": "얼음", "measure": "2 또는 3" },
    { "id": 17, "cocktail_id": 4, "category_id": 9, "ingredient_name": "마라스키노 체리", "measure": "1 개" },
    { "id": 18, "cocktail_id": 5, "category_id": 6, "ingredient_name": "진", "measure": "2/3 온스" },
    { "id": 19, "cocktail_id": 5, "category_id": 3, "ingredient_name": "드라이 베르무트", "measure": "1/3 온스" },
    { "id": 20, "cocktail_id": 5, "category_id": 13, "ingredient_name": "올리브", "measure": "1 개" },
    { "id": 21, "cocktail_id": 6, "category_id": 13, "ingredient_name": "그레나딘", "measure": "1 잔" },
    { "id": 22, "cocktail_id": 6, "category_id": 13, "ingredient_name": "오렌지 주스", "measure": "4 잔" },
    { "id": 23, "cocktail_id": 6, "category_id": 13, "ingredient_name": "파인애플 주스", "measure": "4 잔" },
    { "id": 24, "cocktail_id": 7, "category_id": 13, "ingredient_name": "파인애플 주스", "measure": "10 cl" },
    { "id": 25, "cocktail_id": 7, "category_id": 13, "ingredient_name": "패션 프루트 주스", "measure": "6 cl" },
    { "id": 26, "cocktail_id": 7, "category_id": 13, "ingredient_name": "레몬 주스", "measure": "1 cl" },
    { "id": 27, "cocktail_id": 7, "category_id": 13, "ingredient_name": "그레나딘", "measure": "1 cl" },
    { "id": 28, "cocktail_id": 8, "category_id": 13, "ingredient_name": "레몬 주스", "measure": "5 cl" },
    { "id": 29, "cocktail_id": 8, "category_id": 13, "ingredient_name": "오렌지 주스", "measure": "15 cl" },
    { "id": 30, "cocktail_id": 8, "category_id": 13, "ingredient_name": "설탕 시럽", "measure": "2-3 cl" },
    { "id": 31, "cocktail_id": 8, "category_id": 13, "ingredient_name": "소다수", "measure": "1/2 병" },
    { "id": 32, "cocktail_id": 9, "category_id": 13, "ingredient_name": "설탕 시럽", "measure": "2 티스푼" },
    { "id": 33, "cocktail_id": 9, "category_id": 13, "ingredient_name": "레몬 주스", "measure": "1/2 병" },
    { "id": 34, "cocktail_id": 9, "category_id": 13, "ingredient_name": "진저에일", "measure": "1/2 병" },
    { "id": 35, "cocktail_id": 10, "category_id": 13, "ingredient_name": "라임 주스", "measure": "4 cl" },
    { "id": 36, "cocktail_id": 10, "category_id": 6, "ingredient_name": "진", "measure": "2 cl" },
    { "id": 37, "cocktail_id": 10, "category_id": 9, "ingredient_name": "아페롤", "measure": "4 cl" },
    { "id": 38, "cocktail_id": 11, "category_id": 11, "ingredient_name": "복숭아 보드카", "measure": "5개 잔" },
    { "id": 39, "cocktail_id": 11, "category_id": 13, "ingredient_name": "레몬 주스", "measure": "3 잔" },
    { "id": 40, "cocktail_id": 11, "category_id": 9, "ingredient_name": "갈리아노", "measure": "1 잔" },
    { "id": 41, "cocktail_id": 11, "category_id": 13, "ingredient_name": "장미 시럽", "measure": "1 잔" },
    { "id": 42, "cocktail_id": 12, "category_id": 9, "ingredient_name": "앱솔루트 시트론", "measure": "2 온스" },
    { "id": 43, "cocktail_id": 12, "category_id": 9, "ingredient_name": "그랑 마르니에", "measure": "1 온스" },
    { "id": 44, "cocktail_id": 12, "category_id": 13, "ingredient_name": "레몬 주스", "measure": "2온스 단맛" },
    { "id": 45, "cocktail_id": 12, "category_id": 13, "ingredient_name": "클럽 소다", "measure": "1 온스" },
    { "id": 46, "cocktail_id": 13, "category_id": 4, "ingredient_name": "피스코", "measure": "2 온스" },
    { "id": 47, "cocktail_id": 13, "category_id": 13, "ingredient_name": "레몬 주스", "measure": "1 온스" },
    { "id": 48, "cocktail_id": 13, "category_id": 13, "ingredient_name": "설탕", "measure": "1-2 큰술" },
    { "id": 49, "cocktail_id": 13, "category_id": 13, "ingredient_name": "얼음", "measure": "1 개" },
    { "id": 50, "cocktail_id": 13, "category_id": 13, "ingredient_name": "계란 흰자", "measure": "1/2 병" },
    { "id": 51, "cocktail_id": 14, "category_id": 8, "ingredient_name": "테킬라", "measure": "2 측정" },
    { "id": 52, "cocktail_id": 14, "category_id": 13, "ingredient_name": "오렌지 주스", "measure": "1/2 병" },
    { "id": 53, "cocktail_id": 14, "category_id": 13, "ingredient_name": "그레나딘", "measure": "1/2 병" },
    { "id": 54, "cocktail_id": 15, "category_id": 7, "ingredient_name": "151 proof 럼", "measure": "5 온스 바카디" },
    { "id": 55, "cocktail_id": 15, "category_id": 13, "ingredient_name": "피나콜라다 믹스", "measure": "1 개" },
    { "id": 56, "cocktail_id": 15, "category_id": 13, "ingredient_name": "다이키리 믹스", "measure": "1 개" },
    { "id": 57, "cocktail_id": 16, "category_id": 9, "ingredient_name": "아마레토", "measure": "2 온스" },
    { "id": 58, "cocktail_id": 16, "category_id": 7, "ingredient_name": "럼", "measure": "2 온스" },
    { "id": 59, "cocktail_id": 16, "category_id": 13, "ingredient_name": "쿨에이드", "measure": "4 온스 포도" },
    { "id": 60, "cocktail_id": 17, "category_id": 11, "ingredient_name": "보드카", "measure": "1 1/2 샷" },
    { "id": 61, "cocktail_id": 17, "category_id": 9, "ingredient_name": "코앵트로", "measure": "1 1/2 샷" },
    { "id": 62, "cocktail_id": 17, "category_id": 13, "ingredient_name": "레몬", "measure": "1 조각" },
    { "id": 63, "cocktail_id": 18, "category_id": 7, "ingredient_name": "매운 럼주", "measure": "1 온스" },
    { "id": 64, "cocktail_id": 18, "category_id": 13, "ingredient_name": "진저에일", "measure": "1/2 병" },
    { "id": 65, "cocktail_id": 19, "category_id": 9, "ingredient_name": "베일리스 아이리시 크림", "measure": "1 온스" },
    { "id": 66, "cocktail_id": 19, "category_id": 9, "ingredient_name": "화이트 크림 드 망트", "measure": "3/4 온스" },
    { "id": 67, "cocktail_id": 19, "category_id": 13, "ingredient_name": "크림", "measure": "3/4 온스 더블" },
    { "id": 68, "cocktail_id": 20, "category_id": 13, "ingredient_name": "민트", "measure": "1/2 줌" },
    { "id": 69, "cocktail_id": 20, "category_id": 13, "ingredient_name": "레몬 주스", "measure": "3 cl" },
    { "id": 70, "cocktail_id": 20, "category_id": 7, "ingredient_name": "다크럼", "measure": "1/8L 자메이카산" },
    { "id": 71, "cocktail_id": 20, "category_id": 13, "ingredient_name": "클럽 소다", "measure": "1/8 L" },
    { "id": 72, "cocktail_id": 20, "category_id": 9, "ingredient_name": "앙고스투라 비터", "measure": "8 방울" },
    { "id": 73, "cocktail_id": 21, "category_id": 6, "ingredient_name": "진", "measure": "2 지거" },
    { "id": 74, "cocktail_id": 21, "category_id": 11, "ingredient_name": "보드카", "measure": "1 지거" },
    { "id": 75, "cocktail_id": 21, "category_id": 13, "ingredient_name": "그레나딘", "measure": "대시 3개" },
    { "id": 76, "cocktail_id": 21, "category_id": 13, "ingredient_name": "라임 주스", "measure": "1 샷" },
    { "id": 77, "cocktail_id": 21, "category_id": 13, "ingredient_name": "설탕", "measure": "테두리 주위에 1핀치를 두세요" },
    { "id": 78, "cocktail_id": 22, "category_id": 13, "ingredient_name": "레모네이드", "measure": "1 can" },
    { "id": 79, "cocktail_id": 22, "category_id": 13, "ingredient_name": "물", "measure": "캔 3개" },
    { "id": 80, "cocktail_id": 22, "category_id": 11, "ingredient_name": "보드카", "measure": "1 1/2 컵" },
    { "id": 81, "cocktail_id": 23, "category_id": 9, "ingredient_name": "칼루아", "measure": "1 온스" },
    { "id": 82, "cocktail_id": 23, "category_id": 9, "ingredient_name": "삼부카", "measure": "1 온스" },
    { "id": 83, "cocktail_id": 23, "category_id": 13, "ingredient_name": "블루 쿠라카오", "measure": "1 온스" },
    { "id": 84, "cocktail_id": 23, "category_id": 9, "ingredient_name": "베일리스 아이리시 크림", "measure": "1 온스" },
    { "id": 85, "cocktail_id": 24, "category_id": 11, "ingredient_name": "보드카", "measure": "스톨리 1 1/4 온스" },
    { "id": 86, "cocktail_id": 24, "category_id": 1, "ingredient_name": "우조", "measure": "1/4 온스" },
    { "id": 87, "cocktail_id": 25, "category_id": 9, "ingredient_name": "베일리스 아이리시 크림", "measure": "3/4 온스" },
    { "id": 88, "cocktail_id": 25, "category_id": 5, "ingredient_name": "버번 위스키", "measure": "3/4 온스" },
    { "id": 89, "cocktail_id": 25, "category_id": 11, "ingredient_name": "보드카", "measure": "3/4 온스" },
    { "id": 90, "cocktail_id": 25, "category_id": 13, "ingredient_name": "오렌지 주스", "measure": "2-3 온스" },
    { "id": 91, "cocktail_id": 26, "category_id": 6, "ingredient_name": "진", "measure": "2 온스" },
    { "id": 92, "cocktail_id": 26, "category_id": 13, "ingredient_name": "크랜베리 주스", "measure": "5 온스" },
    { "id": 93, "cocktail_id": 26, "category_id": 13, "ingredient_name": "그레나딘", "measure": "튀김 2개" },
    { "id": 94, "cocktail_id": 27, "category_id": 13, "ingredient_name": "데메라라 설탕", "measure": "2 티스푼" },
    { "id": 95, "cocktail_id": 27, "category_id": 13, "ingredient_name": "라임", "measure": "1 개" },
    { "id": 96, "cocktail_id": 27, "category_id": 13, "ingredient_name": "카샤카", "measure": "2 1/2온스" },
    { "id": 97, "cocktail_id": 28, "category_id": 6, "ingredient_name": "진", "measure": "4.5 cl" },
    { "id": 98, "cocktail_id": 28, "category_id": 13, "ingredient_name": "레몬 주스", "measure": "1.5 cl" },
    { "id": 99, "cocktail_id": 28, "category_id": 9, "ingredient_name": "마라스키노 리큐어", "measure": "1.5 cl" },
    { "id": 100, "cocktail_id": 29, "category_id": 11, "ingredient_name": "보드카", "measure": "70ml/2fl oz" },
    { "id": 101, "cocktail_id": 29, "category_id": 3, "ingredient_name": "드라이 버무스", "measure": "1 테이블스푼" },
    { "id": 102, "cocktail_id": 29, "category_id": 13, "ingredient_name": "올리브 소금물", "measure": "2 테이블스푼" },
    { "id": 103, "cocktail_id": 29, "category_id": 13, "ingredient_name": "레몬", "measure": "쐐기 1 개" },
    { "id": 104, "cocktail_id": 29, "category_id": 13, "ingredient_name": "올리브", "measure": "1 개" },
    { "id": 105, "cocktail_id": 30, "category_id": 7, "ingredient_name": "화이트 럼", "measure": "2 온스" },
    { "id": 106, "cocktail_id": 30, "category_id": 13, "ingredient_name": "설탕 시럽", "measure": "1 온스" },
    { "id": 107, "cocktail_id": 30, "category_id": 13, "ingredient_name": "라임 주스", "measure": "1 온스" },
    { "id": 108, "cocktail_id": 30, "category_id": 9, "ingredient_name": "앙고스투라 비터", "measure": "2개의 대시" },
    { "id": 109, "cocktail_id": 30, "category_id": 3, "ingredient_name": "프로세코", "measure": "2 온스" },
    { "id": 110, "cocktail_id": 31, "category_id": 4, "ingredient_name": "피스코", "measure": "5cl" },
    { "id": 111, "cocktail_id": 31, "category_id": 13, "ingredient_name": "라임 주스", "measure": "2.5cl" },
    { "id": 112, "cocktail_id": 31, "category_id": 13, "ingredient_name": "파인애플 시럽", "measure": "2.5 cl" },
    { "id": 113, "cocktail_id": 31, "category_id": 9, "ingredient_name": "세인트제르맹", "measure": "1.5 cl" },
    { "id": 114, "cocktail_id": 31, "category_id": 9, "ingredient_name": "앙고스투라 비터즈", "measure": "2 대시" },
    { "id": 115, "cocktail_id": 32, "category_id": 7, "ingredient_name": "라이트 럼", "measure": "1 1/2 온스" },
    { "id": 116, "cocktail_id": 32, "category_id": 13, "ingredient_name": "파인애플 주스", "measure": "1 온스" },
    { "id": 117, "cocktail_id": 32, "category_id": 9, "ingredient_name": "마라스키노 리큐어", "measure": "1/2 티스푼" },
    { "id": 118, "cocktail_id": 32, "category_id": 13, "ingredient_name": "그레나딘", "measure": "1/2 티스푼" },
    { "id": 119, "cocktail_id": 32, "category_id": 9, "ingredient_name": "마라스키노 체리", "measure": "1 개" },
    { "id": 120, "cocktail_id": 33, "category_id": 11, "ingredient_name": "보드카", "measure": "5 cl" },
    { "id": 121, "cocktail_id": 33, "category_id": 9, "ingredient_name": "칼루아", "measure": "1 cl" },
    { "id": 122, "cocktail_id": 33, "category_id": 13, "ingredient_name": "설탕 시럽", "measure": "1 대시" },
    { "id": 123, "cocktail_id": 34, "category_id": 11, "ingredient_name": "보드카", "measure": "4.5 cl" },
    { "id": 124, "cocktail_id": 34, "category_id": 9, "ingredient_name": "라즈베리 리큐어", "measure": "1.5 cl" },
    { "id": 125, "cocktail_id": 34, "category_id": 13, "ingredient_name": "파인애플 주스", "measure": "1.5 cl" },
    { "id": 126, "cocktail_id": 35, "category_id": 6, "ingredient_name": "진", "measure": "6cl" },
    { "id": 127, "cocktail_id": 35, "category_id": 11, "ingredient_name": "보드카", "measure": "1.5 cl" },
    { "id": 128, "cocktail_id": 35, "category_id": 9, "ingredient_name": "릴레 블랑", "measure": "0.75cl" },
    { "id": 129, "cocktail_id": 36, "category_id": 7, "ingredient_name": "화이트 럼", "measure": "3 cl" },
    { "id": 130, "cocktail_id": 36, "category_id": 9, "ingredient_name": "갈리아노", "measure": "1.5 cl" },
    { "id": 131, "cocktail_id": 36, "category_id": 9, "ingredient_name": "트리플 섹", "measure": "1.5 cl" },
    { "id": 132, "cocktail_id": 36, "category_id": 13, "ingredient_name": "라임 주스", "measure": "1.5 cl" },
    { "id": 133, "cocktail_id": 37, "category_id": 6, "ingredient_name": "진", "measure": "1 3/4 샷" },
    { "id": 134, "cocktail_id": 37, "category_id": 9, "ingredient_name": "그랑 마르니에", "measure": "1 샷" },
    { "id": 135, "cocktail_id": 37, "category_id": 13, "ingredient_name": "레몬 주스", "measure": "1/4 샷" },
    { "id": 136, "cocktail_id": 37, "category_id": 13, "ingredient_name": "그레나딘", "measure": "1/8 샷" },
    { "id": 137, "cocktail_id": 38, "category_id": 6, "ingredient_name": "진", "measure": "2 샷" },
    { "id": 138, "cocktail_id": 38, "category_id": 13, "ingredient_name": "그레나딘", "measure": "1/2 샷" },
    { "id": 139, "cocktail_id": 38, "category_id": 13, "ingredient_name": "헤비 크림", "measure": "1/2 샷" },
    { "id": 140, "cocktail_id": 38, "category_id": 13, "ingredient_name": "우유", "measure": "1/2 샷" },
    { "id": 141, "cocktail_id": 38, "category_id": 13, "ingredient_name": "계란 흰자", "measure": "1/2 신선함" },
    { "id": 142, "cocktail_id": 39, "category_id": 3, "ingredient_name": "달콤한 베르무트", "measure": "2 샷" },
    { "id": 143, "cocktail_id": 39, "category_id": 3, "ingredient_name": "드라이 베르무트", "measure": "1 샷" },
    { "id": 144, "cocktail_id": 39, "category_id": 13, "ingredient_name": "소다수", "measure": "1/2 컵" },
    { "id": 145, "cocktail_id": 40, "category_id": 6, "ingredient_name": "진", "measure": "1 1/2 샷" },
    { "id": 146, "cocktail_id": 40, "category_id": 3, "ingredient_name": "베르무트", "measure": "1 1/2 샷" },
    { "id": 147, "cocktail_id": 41, "category_id": 6, "ingredient_name": "진", "measure": "2 온스" },
    { "id": 148, "cocktail_id": 41, "category_id": 13, "ingredient_name": "그레나딘", "measure": "1 티스푼" },
    { "id": 149, "cocktail_id": 41, "category_id": 13, "ingredient_name": "레몬", "measure": "1/2 주스" },
    { "id": 150, "cocktail_id": 41, "category_id": 13, "ingredient_name": "소다수", "measure": "1/2 병" },
    { "id": 151, "cocktail_id": 41, "category_id": 13, "ingredient_name": "라임", "measure": "장식" },
    { "id": 152, "cocktail_id": 42, "category_id": 3, "ingredient_name": "베르무트", "measure": "25ml" },
    { "id": 153, "cocktail_id": 42, "category_id": 9, "ingredient_name": "마라스키노 체리", "measure": "15ml" },
    { "id": 154, "cocktail_id": 42, "category_id": 13, "ingredient_name": "설탕 시럽", "measure": "10ml" },
    { "id": 155, "cocktail_id": 42, "category_id": 13, "ingredient_name": "레모네이드", "measure": "100ml" },
    { "id": 156, "cocktail_id": 42, "category_id": 13, "ingredient_name": "블랙베리", "measure": 10 },
    { "id": 157, "cocktail_id": 43, "category_id": 7, "ingredient_name": "럼", "measure": "1 1/2 온스" },
    { "id": 158, "cocktail_id": 43, "category_id": 7, "ingredient_name": "골드럼", "measure": "1 1/2 온스" },
    { "id": 159, "cocktail_id": 43, "category_id": 7, "ingredient_name": "151 proof 럼", "measure": "1 온스" },
    { "id": 160, "cocktail_id": 43, "category_id": 9, "ingredient_name": "페르노", "measure": "1 티스푼" },
    { "id": 161, "cocktail_id": 43, "category_id": 13, "ingredient_name": "그레나딘", "measure": "1 티스푼" },
    { "id": 162, "cocktail_id": 44, "category_id": 6, "ingredient_name": "진", "measure": "50ml" },
    { "id": 163, "cocktail_id": 44, "category_id": 9, "ingredient_name": "블루 큐라소", "measure": "15ml" },
    { "id": 164, "cocktail_id": 44, "category_id": 13, "ingredient_name": "토닉 워터", "measure": "100ml" },
    { "id": 165, "cocktail_id": 44, "category_id": 13, "ingredient_name": "로즈마리", "measure": "장식" },
    { "id": 166, "cocktail_id": 45, "category_id": 8, "ingredient_name": "메스칼", "measure": "2 온스" },
    { "id": 167, "cocktail_id": 45, "category_id": 9, "ingredient_name": "초콜릿 리큐어", "measure": "3/4 온스" },
    { "id": 168, "cocktail_id": 45, "category_id": 9, "ingredient_name": "커피 리큐어", "measure": "1/2 온스" },
    { "id": 169, "cocktail_id": 46, "category_id": 9, "ingredient_name": "그린 샤르트르즈", "measure": "1 온스" },
    { "id": 170, "cocktail_id": 46, "category_id": 9, "ingredient_name": "마라스키노 리큐어", "measure": "1 온스" },
    { "id": 171, "cocktail_id": 46, "category_id": 13, "ingredient_name": "라임 주스", "measure": "1 온스" },
    { "id": 172, "cocktail_id": 46, "category_id": 6, "ingredient_name": "진", "measure": "1 온스" },
    { "id": 173, "cocktail_id": 47, "category_id": 6, "ingredient_name": "진", "measure": "1 온스" },
    { "id": 174, "cocktail_id": 47, "category_id": 9, "ingredient_name": "릴렛", "measure": "1 온스" },
    { "id": 175, "cocktail_id": 47, "category_id": 3, "ingredient_name": "달콤한 베르무트", "measure": "1 온스" },
    { "id": 176, "cocktail_id": 47, "category_id": 13, "ingredient_name": "오렌지 껍질", "measure": "1 개" },
    { "id": 177, "cocktail_id": 48, "category_id": 6, "ingredient_name": "진", "measure": "1 1/2 온스" },
    { "id": 178, "cocktail_id": 48, "category_id": 13, "ingredient_name": "오렌지 쿠라카오", "measure": "3/4 온스" },
    { "id": 179, "cocktail_id": 48, "category_id": 13, "ingredient_name": "라임 주스", "measure": "3/4 온스" },
    { "id": 180, "cocktail_id": 48, "category_id": 9, "ingredient_name": "앙고스투라 비터", "measure": "1 대시" },
    { "id": 181, "cocktail_id": 48, "category_id": 9, "ingredient_name": "오렌지 비터", "measure": "1 대시" },
    { "id": 182, "cocktail_id": 49, "category_id": 6, "ingredient_name": "진", "measure": "3/4 온스" },
    { "id": 183, "cocktail_id": 49, "category_id": 9, "ingredient_name": "트리플 섹", "measure": "3/4 온스" },
    { "id": 184, "cocktail_id": 49, "category_id": 9, "ingredient_name": "릴레 블랑", "measure": "3/4 온스" },
    { "id": 185, "cocktail_id": 49, "category_id": 13, "ingredient_name": "레몬 주스", "measure": "3/4 온스" },
    { "id": 186, "cocktail_id": 49, "category_id": 1, "ingredient_name": "압생트", "measure": "1 대시" },
    { "id": 187, "cocktail_id": 50, "category_id": 11, "ingredient_name": "보드카", "measure": "1 1/2 온스" },
    { "id": 188, "cocktail_id": 50, "category_id": 13, "ingredient_name": "자몽 주스", "measure": "3 온스" },
    { "id": 189, "cocktail_id": 51, "category_id": 13, "ingredient_name": "포도 소다", "measure": "3 온스" },
    { "id": 190, "cocktail_id": 51, "category_id": 8, "ingredient_name": "테킬라", "measure": "1 1/2 온스" },
    { "id": 191, "cocktail_id": 52, "category_id": 9, "ingredient_name": "오렌지 비터", "measure": "1 대시" },
    { "id": 192, "cocktail_id": 52, "category_id": 9, "ingredient_name": "그린 샤르트르즈", "measure": "1 온스" },
    { "id": 193, "cocktail_id": 52, "category_id": 6, "ingredient_name": "진", "measure": "1 온스" },
    { "id": 194, "cocktail_id": 52, "category_id": 3, "ingredient_name": "달콤한 베르무트", "measure": "1 온스" },
    { "id": 195, "cocktail_id": 53, "category_id": 6, "ingredient_name": "진", "measure": "2 1/2 온스" },
    { "id": 196, "cocktail_id": 53, "category_id": 13, "ingredient_name": "라임 주스", "measure": "1/2 온스" },
    { "id": 197, "cocktail_id": 53, "category_id": 13, "ingredient_name": "설탕 시럽", "measure": "1/2 온스" },
    { "id": 198, "cocktail_id": 53, "category_id": 13, "ingredient_name": "라임", "measure": "1 개" },
    { "id": 199, "cocktail_id": 54, "category_id": 6, "ingredient_name": "진", "measure": "1 1/2 온스" },
    { "id": 200, "cocktail_id": 54, "category_id": 3, "ingredient_name": "달콤한 베르무트", "measure": "1 1/2 온스" },
    { "id": 201, "cocktail_id": 54, "category_id": 9, "ingredient_name": "마라스키노 리큐어", "measure": "1 티스푼" },
    { "id": 202, "cocktail_id": 54, "category_id": 9, "ingredient_name": "앙고스투라 비터", "measure": "2개의 대시" },
    { "id": 203, "cocktail_id": 55, "category_id": 9, "ingredient_name": "칼루아", "measure": "2개 잔" },
    { "id": 204, "cocktail_id": 55, "category_id": 9, "ingredient_name": "베일리스 아이리시 크림", "measure": "2개 잔" },
    { "id": 205, "cocktail_id": 55, "category_id": 9, "ingredient_name": "버터스카치 슈냅스", "measure": "4개 잔" },
    { "id": 206, "cocktail_id": 55, "category_id": 9, "ingredient_name": "예거마이스터", "measure": "1 잔" },
    { "id": 207, "cocktail_id": 55, "category_id": 9, "ingredient_name": "골드슐라거", "measure": "1/2 잔" },
    { "id": 208, "cocktail_id": 56, "category_id": 7, "ingredient_name": "럼", "measure": "3 잔" },
    { "id": 209, "cocktail_id": 56, "category_id": 7, "ingredient_name": "다크 럼", "measure": "1 잔" },
    { "id": 210, "cocktail_id": 56, "category_id": 9, "ingredient_name": "바나나 리큐어", "measure": "1 잔" },
    { "id": 211, "cocktail_id": 56, "category_id": 13, "ingredient_name": "그레나딘", "measure": "1 잔" },
    { "id": 212, "cocktail_id": 56, "category_id": 13, "ingredient_name": "파인애플 주스", "measure": "2 잔" },
    { "id": 213, "cocktail_id": 57, "category_id": 6, "ingredient_name": "진", "measure": "50ml" },
    { "id": 214, "cocktail_id": 57, "category_id": 13, "ingredient_name": "엘더플라워 코디얼", "measure": "15ml" },
    { "id": 215, "cocktail_id": 57, "category_id": 3, "ingredient_name": "로소 베르무트", "measure": "15ml" },
    { "id": 216, "cocktail_id": 57, "category_id": 13, "ingredient_name": "토닉 워터", "measure": "75ml" },
    { "id": 217, "cocktail_id": 57, "category_id": 13, "ingredient_name": "라임", "measure": "2개의 웨지" },
    { "id": 218, "cocktail_id": 58, "category_id": 13, "ingredient_name": "핫 초콜릿", "measure": "4 온스" },
    { "id": 219, "cocktail_id": 58, "category_id": 9, "ingredient_name": "그린 샤르트르즈", "measure": "1 온스" },
    { "id": 220, "cocktail_id": 58, "category_id": 9, "ingredient_name": "체리 히어링", "measure": "1 온스" },
    { "id": 221, "cocktail_id": 59, "category_id": 5, "ingredient_name": "아일랜드 위스키", "measure": "50ml" },
    { "id": 222, "cocktail_id": 59, "category_id": 9, "ingredient_name": "아마레토", "measure": "50ml" },
    { "id": 223, "cocktail_id": 59, "category_id": 13, "ingredient_name": "크랜베리 주스", "measure": "4 온스" },
    { "id": 224, "cocktail_id": 60, "category_id": 5, "ingredient_name": "라이 위스키", "measure": "2 온스" },
    { "id": 225, "cocktail_id": 60, "category_id": 9, "ingredient_name": "캄파리", "measure": "1 온스" },
    { "id": 226, "cocktail_id": 60, "category_id": 3, "ingredient_name": "드라이 베르무트", "measure": "1 온스" },
    { "id": 227, "cocktail_id": 61, "category_id": 5, "ingredient_name": "아일랜드 위스키", "measure": "2 온스" },
    { "id": 228, "cocktail_id": 61, "category_id": 3, "ingredient_name": "달콤한 베르무트", "measure": "1 온스" },
    { "id": 229, "cocktail_id": 61, "category_id": 9, "ingredient_name": "그린 샤르트르즈", "measure": "1/2 온스" },
    { "id": 230, "cocktail_id": 62, "category_id": 13, "ingredient_name": "블렌디드 스카치", "measure": "2 온스" },
    { "id": 231, "cocktail_id": 62, "category_id": 13, "ingredient_name": "레몬 주스", "measure": "3/4 온스" },
    { "id": 232, "cocktail_id": 62, "category_id": 13, "ingredient_name": "꿀 시럽", "measure": "2 티스푼" },
    { "id": 233, "cocktail_id": 62, "category_id": 13, "ingredient_name": "생강 시럽", "measure": "2 티스푼" },
    { "id": 234, "cocktail_id": 62, "category_id": 13, "ingredient_name": "Islay 싱글 몰트 스카치", "measure": "1/4 온스" },
    { "id": 235, "cocktail_id": 63, "category_id": 13, "ingredient_name": "라임", "measure": "1/2" },
    { "id": 236, "cocktail_id": 63, "category_id": 13, "ingredient_name": "팔레르넘", "measure": "1/3 온스" },
    { "id": 237, "cocktail_id": 63, "category_id": 9, "ingredient_name": "앙고스투라 비터", "measure": "2개의 대시" },
    { "id": 238, "cocktail_id": 63, "category_id": 7, "ingredient_name": "아녜호 럼", "measure": "1 온스" },
    { "id": 239, "cocktail_id": 63, "category_id": 7, "ingredient_name": "블랙스트랩 럼", "measure": "1 온스" },
    { "id": 240, "cocktail_id": 64, "category_id": 7, "ingredient_name": "럼", "measure": "1 샷" },
    { "id": 241, "cocktail_id": 64, "category_id": 13, "ingredient_name": "바닐라 시럽", "measure": "1/2 샷" },
    { "id": 242, "cocktail_id": 64, "category_id": 13, "ingredient_name": "에스프레소", "measure": "1 샷" },
    { "id": 243, "cocktail_id": 64, "category_id": 13, "ingredient_name": "커피", "measure": "1 샷" },
    { "id": 244, "cocktail_id": 65, "category_id": 5, "ingredient_name": "라이 위스키", "measure": "2 온스" },
    { "id": 245, "cocktail_id": 65, "category_id": 3, "ingredient_name": "드라이 베르무트", "measure": "1 온스" },
    { "id": 246, "cocktail_id": 65, "category_id": 9, "ingredient_name": "마라스키노 리큐어", "measure": "1/4 온스" },
    { "id": 247, "cocktail_id": 65, "category_id": 9, "ingredient_name": "앙고스투라 비터", "measure": "3개의 대시" },
    { "id": 248, "cocktail_id": 65, "category_id": 9, "ingredient_name": "마라스키노 체리", "measure": "1 개" },
    { "id": 249, "cocktail_id": 66, "category_id": 7, "ingredient_name": "151 proof 럼", "measure": "1 샷" },
    { "id": 250, "cocktail_id": 66, "category_id": 13, "ingredient_name": "스카치", "measure": "1/2 샷" },
    { "id": 251, "cocktail_id": 66, "category_id": 9, "ingredient_name": "비터", "measure": "3 방울" },
    { "id": 252, "cocktail_id": 66, "category_id": 13, "ingredient_name": "쑥", "measure": "1 개" },
    { "id": 253, "cocktail_id": 66, "category_id": 13, "ingredient_name": "얼음", "measure": "1 큐브" },
    { "id": 254, "cocktail_id": 67, "category_id": 6, "ingredient_name": "진", "measure": "5 cl" },
    { "id": 255, "cocktail_id": 67, "category_id": 13, "ingredient_name": "라임 주스", "measure": "2 cl" },
    { "id": 256, "cocktail_id": 67, "category_id": 6, "ingredient_name": "진저 비어", "measure": "10cl" },
    { "id": 257, "cocktail_id": 67, "category_id": 13, "ingredient_name": "오이", "measure": "1 개" },
    { "id": 258, "cocktail_id": 67, "category_id": 13, "ingredient_name": "레몬", "measure": "1 개" },
    { "id": 259, "cocktail_id": 68, "category_id": 7, "ingredient_name": "화이트 럼", "measure": "6 cl" },
    { "id": 260, "cocktail_id": 68, "category_id": 13, "ingredient_name": "꿀", "measure": "2 cl" },
    { "id": 261, "cocktail_id": 68, "category_id": 13, "ingredient_name": "레몬 주스", "measure": "2 cl" },
    { "id": 262, "cocktail_id": 69, "category_id": 13, "ingredient_name": "설탕", "measure": "60ml" },
    { "id": 263, "cocktail_id": 69, "category_id": 13, "ingredient_name": "올스파이스", "measure": "1 큰술" },
    { "id": 264, "cocktail_id": 69, "category_id": 7, "ingredient_name": "럼", "measure": "20cl" },
    { "id": 265, "cocktail_id": 69, "category_id": 13, "ingredient_name": "라임 주스", "measure": "90ml" },
    { "id": 266, "cocktail_id": 69, "category_id": 3, "ingredient_name": "샴페인", "measure": "6 cl" },
    { "id": 267, "cocktail_id": 70, "category_id": 11, "ingredient_name": "보드카", "measure": "1 샷" },
    { "id": 268, "cocktail_id": 70, "category_id": 13, "ingredient_name": "설탕 시럽", "measure": "1/2 샷" },
    { "id": 269, "cocktail_id": 70, "category_id": 13, "ingredient_name": "패션 프루트 주스", "measure": "1 병" },
    { "id": 270, "cocktail_id": 71, "category_id": 8, "ingredient_name": "테킬라", "measure": "4 온스" },
    { "id": 271, "cocktail_id": 71, "category_id": 13, "ingredient_name": "자몽 주스", "measure": "4 온스" },
    { "id": 272, "cocktail_id": 71, "category_id": 13, "ingredient_name": "라임 주스", "measure": "1 온스" },
    { "id": 273, "cocktail_id": 71, "category_id": 13, "ingredient_name": "파인애플 주스", "measure": "8온스" },
    { "id": 274, "cocktail_id": 71, "category_id": 13, "ingredient_name": "라임", "measure": "1 개" },
    { "id": 275, "cocktail_id": 72, "category_id": 7, "ingredient_name": "럼", "measure": "2 샷" },
    { "id": 276, "cocktail_id": 72, "category_id": 13, "ingredient_name": "살구 꿀", "measure": "1 샷" },
    { "id": 277, "cocktail_id": 72, "category_id": 13, "ingredient_name": "석류 주스", "measure": "1 샷" },
    { "id": 278, "cocktail_id": 72, "category_id": 13, "ingredient_name": "레몬", "measure": "1/2 주스" },
    { "id": 279, "cocktail_id": 72, "category_id": 13, "ingredient_name": "소다수", "measure": "1/2 병" },
    { "id": 280, "cocktail_id": 73, "category_id": 6, "ingredient_name": "진", "measure": "1 샷" },
    { "id": 281, "cocktail_id": 73, "category_id": 9, "ingredient_name": "멜론 리큐어", "measure": "1 샷" },
    { "id": 282, "cocktail_id": 73, "category_id": 9, "ingredient_name": "오렌지 비터", "measure": "1 대시" },
    { "id": 283, "cocktail_id": 73, "category_id": 13, "ingredient_name": "레몬 주스", "measure": "1 대시" },
    { "id": 284, "cocktail_id": 73, "category_id": 3, "ingredient_name": "프로세코", "measure": "1 병" },
    { "id": 285, "cocktail_id": 74, "category_id": 5, "ingredient_name": "버번 위스키", "measure": "2 온스" },
    { "id": 286, "cocktail_id": 74, "category_id": 13, "ingredient_name": "라즈베리 시럽", "measure": "1/2온스" },
    { "id": 287, "cocktail_id": 74, "category_id": 13, "ingredient_name": "민트", "measure": "8 개" },
    { "id": 288, "cocktail_id": 75, "category_id": 1, "ingredient_name": "압생트", "measure": "2발" },
    { "id": 289, "cocktail_id": 75, "category_id": 3, "ingredient_name": "샴페인", "measure": "1 병" },
    { "id": 290, "cocktail_id": 76, "category_id": 9, "ingredient_name": "코코넛 리큐어", "measure": "30ml" },
    { "id": 291, "cocktail_id": 76, "category_id": 13, "ingredient_name": "자몽 주스", "measure": "75ml" },
    { "id": 292, "cocktail_id": 76, "category_id": 13, "ingredient_name": "소다수", "measure": "1/2 병" },
    { "id": 293, "cocktail_id": 77, "category_id": 7, "ingredient_name": "럼", "measure": "40ml" },
    { "id": 294, "cocktail_id": 77, "category_id": 9, "ingredient_name": "파소아", "measure": "20ml" },
    { "id": 295, "cocktail_id": 77, "category_id": 13, "ingredient_name": "라임 주스", "measure": "30ml" },
    { "id": 296, "cocktail_id": 77, "category_id": 13, "ingredient_name": "패션 프루트 시럽", "measure": "15ml" },
    { "id": 297, "cocktail_id": 77, "category_id": 9, "ingredient_name": "복숭아 비터", "measure": "1 대시" },
    { "id": 298, "cocktail_id": 78, "category_id": 6, "ingredient_name": "진", "measure": "1 샷" },
    { "id": 299, "cocktail_id": 78, "category_id": 13, "ingredient_name": "오렌지 주스", "measure": "1 병" },
    { "id": 300, "cocktail_id": 78, "category_id": 13, "ingredient_name": "레몬 주스", "measure": "1 병" },
    { "id": 301, "cocktail_id": 78, "category_id": 13, "ingredient_name": "로즈마리 시럽", "measure": "25ml" },
    { "id": 302, "cocktail_id": 78, "category_id": 13, "ingredient_name": "소다수", "measure": "1/2 병" },
    { "id": 303, "cocktail_id": 79, "category_id": 6, "ingredient_name": "진", "measure": "2 온스" },
    { "id": 304, "cocktail_id": 79, "category_id": 13, "ingredient_name": "소다수", "measure": "5 온스" },
    { "id": 305, "cocktail_id": 79, "category_id": 13, "ingredient_name": "라임", "measure": "1/4" },
    { "id": 306, "cocktail_id": 80, "category_id": 2, "ingredient_name": "맥주", "measure": "4 온스" },
    { "id": 307, "cocktail_id": 80, "category_id": 13, "ingredient_name": "토마토 주스", "measure": "4 온스" },
    { "id": 308, "cocktail_id": 80, "category_id": 13, "ingredient_name": "라임 주스", "measure": "1 큰술" },
    { "id": 309, "cocktail_id": 80, "category_id": 13, "ingredient_name": "매운 소스", "measure": "1 대시" },
    { "id": 310, "cocktail_id": 80, "category_id": 13, "ingredient_name": "우스터 소스", "measure": "1 대시" },
    { "id": 311, "cocktail_id": 81, "category_id": 11, "ingredient_name": "보드카", "measure": "2 온스" },
    { "id": 312, "cocktail_id": 81, "category_id": 13, "ingredient_name": "꿀", "measure": "1 티스푼" },
    { "id": 313, "cocktail_id": 81, "category_id": 13, "ingredient_name": "무화과", "measure": "3 개" },
    { "id": 314, "cocktail_id": 81, "category_id": 13, "ingredient_name": "타임", "measure": "1가지" },
    { "id": 315, "cocktail_id": 81, "category_id": 9, "ingredient_name": "앙고스투라 비터", "measure": "2개의 대시" },
    { "id": 316, "cocktail_id": 82, "category_id": 5, "ingredient_name": "위스키", "measure": "50ml" },
    { "id": 317, "cocktail_id": 82, "category_id": 13, "ingredient_name": "꿀", "measure": "15ml" },
    { "id": 318, "cocktail_id": 82, "category_id": 13, "ingredient_name": "계피", "measure": "1 개" },
    { "id": 319, "cocktail_id": 82, "category_id": 13, "ingredient_name": "레몬", "measure": "1 개" },
    { "id": 320, "cocktail_id": 82, "category_id": 13, "ingredient_name": "정향", "measure": 10 },
    { "id": 321, "cocktail_id": 83, "category_id": 1, "ingredient_name": "카샤사", "measure": "60ml" },
    { "id": 322, "cocktail_id": 83, "category_id": 13, "ingredient_name": "라임", "measure": "1 개" },
    { "id": 323, "cocktail_id": 83, "category_id": 13, "ingredient_name": "엘더플라워 코디얼", "measure": "3 cl" },
    { "id": 324, "cocktail_id": 84, "category_id": 8, "ingredient_name": "테킬라", "measure": "2 샷" },
    { "id": 325, "cocktail_id": 84, "category_id": 13, "ingredient_name": "자몽 주스", "measure": "1 병" },
    { "id": 326, "cocktail_id": 84, "category_id": 13, "ingredient_name": "라임 주스", "measure": "1병" },
    { "id": 327, "cocktail_id": 84, "category_id": 13, "ingredient_name": "아가베 시럽", "measure": "1 티스푼" },
    { "id": 328, "cocktail_id": 84, "category_id": 13, "ingredient_name": "고추", "measure": "1 대시" },
    { "id": 329, "cocktail_id": 85, "category_id": 11, "ingredient_name": "보드카", "measure": "1 온스" },
    { "id": 330, "cocktail_id": 85, "category_id": 9, "ingredient_name": "아마로 몬테네그로", "measure": "1 온스" },
    { "id": 331, "cocktail_id": 85, "category_id": 3, "ingredient_name": "루비 포트", "measure": "1 온스" },
    { "id": 332, "cocktail_id": 85, "category_id": 13, "ingredient_name": "블러드 오렌지", "measure": "1 티스푼" },
    { "id": 333, "cocktail_id": 85, "category_id": 9, "ingredient_name": "앙고스투라 비터", "measure": "1 대시" },
    { "id": 334, "cocktail_id": 86, "category_id": 7, "ingredient_name": "다크 럼", "measure": "1 샷" },
    { "id": 335, "cocktail_id": 86, "category_id": 9, "ingredient_name": "캄파리", "measure": "1 샷" },
    { "id": 336, "cocktail_id": 86, "category_id": 13, "ingredient_name": "크림 드 바나네", "measure": "1/2 샷" },
    { "id": 337, "cocktail_id": 86, "category_id": 13, "ingredient_name": "파인애플 주스", "measure": "1 병" },
    { "id": 338, "cocktail_id": 86, "category_id": 13, "ingredient_name": "라임 주스", "measure": "1 병" },
    { "id": 339, "cocktail_id": 87, "category_id": 13, "ingredient_name": "장미", "measure": "750ml" },
    { "id": 340, "cocktail_id": 87, "category_id": 13, "ingredient_name": "설탕", "measure": "1/2컵" },
    { "id": 341, "cocktail_id": 87, "category_id": 13, "ingredient_name": "딸기", "measure": "8온스" },
    { "id": 342, "cocktail_id": 87, "category_id": 13, "ingredient_name": "레몬 주스", "measure": "2-3 온스" },
    { "id": 343, "cocktail_id": 88, "category_id": 6, "ingredient_name": "진", "measure": "1 샷" },
    { "id": 344, "cocktail_id": 88, "category_id": 9, "ingredient_name": "코코넛 리큐어", "measure": "1 샷" },
    { "id": 345, "cocktail_id": 88, "category_id": 13, "ingredient_name": "엘더플라워 코디얼", "measure": "25ml" },
    { "id": 346, "cocktail_id": 88, "category_id": 13, "ingredient_name": "라임 주스", "measure": "30ml" },
    { "id": 347, "cocktail_id": 88, "category_id": 13, "ingredient_name": "블랙베리", "measure": "1 개" },
    { "id": 348, "cocktail_id": 89, "category_id": 11, "ingredient_name": "보드카", "measure": "3 cl" },
    { "id": 349, "cocktail_id": 89, "category_id": 9, "ingredient_name": "파소아", "measure": "3 cl" },
    { "id": 350, "cocktail_id": 89, "category_id": 13, "ingredient_name": "패션 프루트 주스", "measure": "1 cl" },
    { "id": 351, "cocktail_id": 89, "category_id": 13, "ingredient_name": "라임", "measure": "1 cl" },
    { "id": 352, "cocktail_id": 89, "category_id": 3, "ingredient_name": "프로세코", "measure": "1 샷" },
    { "id": 353, "cocktail_id": 90, "category_id": 13, "ingredient_name": "라임", "measure": "3 개" },
    { "id": 354, "cocktail_id": 90, "category_id": 13, "ingredient_name": "망고", "measure": "1 개" },
    { "id": 355, "cocktail_id": 90, "category_id": 13, "ingredient_name": "민트", "measure": "Sprig" },
    { "id": 356, "cocktail_id": 90, "category_id": 7, "ingredient_name": "화이트 럼", "measure": "200ml" },
    { "id": 357, "cocktail_id": 90, "category_id": 13, "ingredient_name": "얼음", "measure": "1 큐브" },
    { "id": 358, "cocktail_id": 91, "category_id": 13, "ingredient_name": "키위", "measure": "1/2" },
    { "id": 359, "cocktail_id": 91, "category_id": 13, "ingredient_name": "설탕 시럽", "measure": "1 티스푼" },
    { "id": 360, "cocktail_id": 91, "category_id": 11, "ingredient_name": "보드카", "measure": "1 1/2 온스" },
    { "id": 361, "cocktail_id": 91, "category_id": 13, "ingredient_name": "키위", "measure": "장식" },
    { "id": 362, "cocktail_id": 92, "category_id": 13, "ingredient_name": "엘더플라워 코디얼", "measure": "2 티스푼" },
    { "id": 363, "cocktail_id": 92, "category_id": 11, "ingredient_name": "보드카", "measure": "1 샷" },
    { "id": 364, "cocktail_id": 92, "category_id": 13, "ingredient_name": "소다수", "measure": "1/3 컵" },
    { "id": 365, "cocktail_id": 92, "category_id": 13, "ingredient_name": "레몬 주스", "measure": "1/2 병" },
    { "id": 366, "cocktail_id": 93, "category_id": 13, "ingredient_name": "스프라이트", "measure": "1 컵" },
    { "id": 367, "cocktail_id": 93, "category_id": 13, "ingredient_name": "라임 주스", "measure": "1/2 샷" },
    { "id": 368, "cocktail_id": 93, "category_id": 11, "ingredient_name": "보드카", "measure": "1 1/2발" },
    { "id": 369, "cocktail_id": 94, "category_id": 11, "ingredient_name": "보드카", "measure": "5cl" },
    { "id": 370, "cocktail_id": 94, "category_id": 13, "ingredient_name": "레몬 주스", "measure": "7cl" },
    { "id": 371, "cocktail_id": 94, "category_id": 13, "ingredient_name": "레몬 껍질", "measure": "슬라이스 1 개" },
    { "id": 372, "cocktail_id": 94, "category_id": 13, "ingredient_name": "얼음", "measure": "1 큐브" },
    { "id": 373, "cocktail_id": 95, "category_id": 11, "ingredient_name": "보드카", "measure": "4 cl" },
    { "id": 374, "cocktail_id": 95, "category_id": 13, "ingredient_name": "토닉 워터", "measure": "10 cl" },
    { "id": 375, "cocktail_id": 95, "category_id": 13, "ingredient_name": "레몬 껍질", "measure": "슬라이스 1 개" },
    { "id": 376, "cocktail_id": 96, "category_id": 6, "ingredient_name": "진", "measure": "4 cl" },
    { "id": 377, "cocktail_id": 96, "category_id": 13, "ingredient_name": "토닉 워터", "measure": "10cl" },
    { "id": 378, "cocktail_id": 96, "category_id": 13, "ingredient_name": "레몬 껍질", "measure": "1 슬라이스" },
    { "id": 379, "cocktail_id": 96, "category_id": 13, "ingredient_name": "얼음", "measure": "1 큐브" },
    { "id": 380, "cocktail_id": 97, "category_id": 6, "ingredient_name": "진", "measure": "6 cl" },
    { "id": 381, "cocktail_id": 97, "category_id": 13, "ingredient_name": "레몬 주스", "measure": "8 cl" },
    { "id": 382, "cocktail_id": 97, "category_id": 13, "ingredient_name": "레몬 껍질", "measure": "1 슬라이스" },
    { "id": 383, "cocktail_id": 97, "category_id": 13, "ingredient_name": "얼음", "measure": "1 큐브" },
    { "id": 384, "cocktail_id": 98, "category_id": 6, "ingredient_name": "진", "measure": "4.5cL" },
    { "id": 385, "cocktail_id": 98, "category_id": 13, "ingredient_name": "레몬 주스", "measure": "3cl" },
    { "id": 386, "cocktail_id": 98, "category_id": 13, "ingredient_name": "설탕 시럽", "measure": "3cl" },
    { "id": 387, "cocktail_id": 98, "category_id": 13, "ingredient_name": "크림", "measure": "6cl" },
    { "id": 388, "cocktail_id": 98, "category_id": 13, "ingredient_name": "계란 흰자", "measure": "1 개" },
    { "id": 389, "cocktail_id": 99, "category_id": 7, "ingredient_name": "다크 럼", "measure": "4.5 cL" },
    { "id": 390, "cocktail_id": 99, "category_id": 13, "ingredient_name": "오렌지 주스", "measure": "3 cl" },
    { "id": 391, "cocktail_id": 99, "category_id": 13, "ingredient_name": "파인애플 주스", "measure": "3.5 cl" },
    { "id": 392, "cocktail_id": 99, "category_id": 13, "ingredient_name": "그레나딘", "measure": "1 cl" },
    { "id": 393, "cocktail_id": 99, "category_id": 13, "ingredient_name": "설탕 시럽", "measure": "1 cl" },
    { "id": 394, "cocktail_id": 100, "category_id": 13, "ingredient_name": "리카르드", "measure": "3 cl" },
    { "id": 395, "cocktail_id": 100, "category_id": 13, "ingredient_name": "오르제트 시럽", "measure": "1 cl" },
    { "id": 396, "cocktail_id": 100, "category_id": 13, "ingredient_name": "물", "measure": "1 병" },
    { "id": 397, "cocktail_id": 101, "category_id": 12, "ingredient_name": "소주", "measure": "50ml" },
    { "id": 398, "cocktail_id": 101, "category_id": 13, "ingredient_name": "사이다", "measure": "150ml" },
    { "id": 399, "cocktail_id": 101, "category_id": 13, "ingredient_name": "레몬 슬라이스", "measure": "1 개" },
    { "id": 400, "cocktail_id": 102, "category_id": 12, "ingredient_name": "소주", "measure": "50ml" },
    { "id": 401, "cocktail_id": 102, "category_id": 2, "ingredient_name": "맥주", "measure": "200ml" },
    { "id": 402, "cocktail_id": 103, "category_id": 10, "ingredient_name": "막걸리", "measure": "120ml" },
    { "id": 403, "cocktail_id": 103, "category_id": 13, "ingredient_name": "민트 잎", "measure": "6-8장" },
    { "id": 404, "cocktail_id": 103, "category_id": 13, "ingredient_name": "라임", "measure": "1 개" },
    { "id": 405, "cocktail_id": 103, "category_id": 13, "ingredient_name": "설탕시럽", "measure": "15ml" },
    { "id": 406, "cocktail_id": 103, "category_id": 13, "ingredient_name": "탄산수", "measure": "30ml" },
    { "id": 407, "cocktail_id": 104, "category_id": 6, "ingredient_name": "진", "measure": "45ml" },
    { "id": 408, "cocktail_id": 104, "category_id": 13, "ingredient_name": "유자청", "measure": "30ml" },
    { "id": 409, "cocktail_id": 104, "category_id": 13, "ingredient_name": "토닉워터", "measure": "120ml" },
    { "id": 410, "cocktail_id": 105, "category_id": 5, "ingredient_name": "위스키", "measure": "45ml" },
    { "id": 411, "cocktail_id": 105, "category_id": 13, "ingredient_name": "수정과", "measure": "60ml" },
    { "id": 412, "cocktail_id": 105, "category_id": 13, "ingredient_name": "탄산수", "measure": "90ml" },
    { "id": 413, "cocktail_id": 105, "category_id": 13, "ingredient_name": "계피 스틱", "measure": "1 개" },
    { "id": 414, "cocktail_id": 106, "category_id": 13, "ingredient_name": "매실주", "measure": "60ml" },
    { "id": 415, "cocktail_id": 106, "category_id": 3, "ingredient_name": "드라이 베르무트", "measure": "15ml" },
    { "id": 416, "cocktail_id": 107, "category_id": 13, "ingredient_name": "오미자청", "measure": "30ml" },
    { "id": 417, "cocktail_id": 107, "category_id": 3, "ingredient_name": "프로세코", "measure": "90ml" },
    { "id": 418, "cocktail_id": 107, "category_id": 13, "ingredient_name": "탄산수", "measure": "60ml" },
    { "id": 419, "cocktail_id": 108, "category_id": 12, "ingredient_name": "소주", "measure": "50ml" },
    { "id": 420, "cocktail_id": 108, "category_id": 13, "ingredient_name": "토닉워터", "measure": "150ml" },
    { "id": 421, "cocktail_id": 108, "category_id": 13, "ingredient_name": "라임 웨지", "measure": "1 개" },
    { "id": 422, "cocktail_id": 109, "category_id": 5, "ingredient_name": "위스키", "measure": "45ml" },
    { "id": 423, "cocktail_id": 109, "category_id": 13, "ingredient_name": "대추청", "measure": "15ml" },
    { "id": 424, "cocktail_id": 109, "category_id": 9, "ingredient_name": "앙고스투라 비터스", "measure": "2-3 방울" },
    { "id": 425, "cocktail_id": 109, "category_id": 13, "ingredient_name": "대추", "measure": "1 개" },
    { "id": 426, "cocktail_id": 110, "category_id": 13, "ingredient_name": "배숙 시럽", "measure": "30ml" },
    { "id": 427, "cocktail_id": 110, "category_id": 11, "ingredient_name": "보드카", "measure": "45ml" },
    { "id": 428, "cocktail_id": 110, "category_id": 6, "ingredient_name": "진저비어", "measure": "120ml" },
    { "id": 429, "cocktail_id": 110, "category_id": 13, "ingredient_name": "배 슬라이스", "measure": "1 개" },
    { "id": 430, "cocktail_id": 111, "category_id": 13, "ingredient_name": "복분자주", "measure": "200ml" },
    { "id": 431, "cocktail_id": 111, "category_id": 3, "ingredient_name": "레드와인", "measure": "750ml" },
    { "id": 432, "cocktail_id": 111, "category_id": 13, "ingredient_name": "과일 모둠", "measure": "200g" },
    { "id": 433, "cocktail_id": 111, "category_id": 13, "ingredient_name": "탄산수", "measure": "1/2 잔" },
    { "id": 434, "cocktail_id": 112, "category_id": 12, "ingredient_name": "소주", "measure": "60ml" },
    { "id": 435, "cocktail_id": 112, "category_id": 13, "ingredient_name": "오렌지 주스", "measure": "120ml" },
    { "id": 436, "cocktail_id": 112, "category_id": 13, "ingredient_name": "석류 시럽", "measure": "15ml" },
    { "id": 437, "cocktail_id": 112, "category_id": 13, "ingredient_name": "오렌지 슬라이스", "measure": "1 개" },
    { "id": 438, "cocktail_id": 113, "category_id": 6, "ingredient_name": "진", "measure": "45ml" },
    { "id": 439, "cocktail_id": 113, "category_id": 13, "ingredient_name": "국화청", "measure": "30ml" },
    { "id": 440, "cocktail_id": 113, "category_id": 13, "ingredient_name": "레몬즙", "measure": "22.5ml" },
    { "id": 441, "cocktail_id": 113, "category_id": 13, "ingredient_name": "계란 흰자", "measure": "1 개" },
    { "id": 442, "cocktail_id": 113, "category_id": 13, "ingredient_name": "식용 국화", "measure": "1 송이" },
    { "id": 443, "cocktail_id": 114, "category_id": 13, "ingredient_name": "매실원주", "measure": "45ml" },
    { "id": 444, "cocktail_id": 114, "category_id": 13, "ingredient_name": "레몬주스", "measure": "15ml" },
    { "id": 445, "cocktail_id": 114, "category_id": 13, "ingredient_name": "탄산수", "measure": "90ml" },
    { "id": 446, "cocktail_id": 114, "category_id": 13, "ingredient_name": "매실 슬라이스", "measure": "1 개" },
    { "id": 447, "cocktail_id": 115, "category_id": 12, "ingredient_name": "소주", "measure": "30ml" },
    { "id": 448, "cocktail_id": 115, "category_id": 13, "ingredient_name": "유자청", "measure": "30ml" },
    { "id": 449, "cocktail_id": 115, "category_id": 13, "ingredient_name": "진저에일", "measure": "120ml" },
    { "id": 450, "cocktail_id": 115, "category_id": 13, "ingredient_name": "레몬 슬라이스", "measure": "1 개" },
    { "id": 451, "cocktail_id": 115, "category_id": 13, "ingredient_name": "민트 잎", "measure": "2-3 장" },
    { "id": 452, "cocktail_id": 116, "category_id": 12, "ingredient_name": "소주", "measure": "45ml" },
    { "id": 453, "cocktail_id": 116, "category_id": 9, "ingredient_name": "멜론리큐어", "measure": "15ml" },
    { "id": 454, "cocktail_id": 116, "category_id": 13, "ingredient_name": "라임주스", "measure": "15ml" },
    { "id": 455, "cocktail_id": 116, "category_id": 13, "ingredient_name": "라임 웨지", "measure": "1 개" },
    { "id": 456, "cocktail_id": 117, "category_id": 12, "ingredient_name": "안동소주", "measure": "45ml" },
    { "id": 457, "cocktail_id": 117, "category_id": 13, "ingredient_name": "크랜베리 주스", "measure": "60ml" },
    { "id": 458, "cocktail_id": 117, "category_id": 13, "ingredient_name": "라임주스", "measure": "15ml" },
    { "id": 459, "cocktail_id": 117, "category_id": 13, "ingredient_name": "크랜베리", "measure": "2-3개" },
    { "id": 460, "cocktail_id": 118, "category_id": 4, "ingredient_name": "XO 브랜디", "measure": "45ml" },
    { "id": 461, "cocktail_id": 118, "category_id": 13, "ingredient_name": "레몬주스", "measure": "22.5ml" },
    { "id": 462, "cocktail_id": 118, "category_id": 13, "ingredient_name": "설탕시럽", "measure": "15ml" },
    { "id": 463, "cocktail_id": 118, "category_id": 13, "ingredient_name": "오렌지 필", "measure": "1 개" },
    { "id": 464, "cocktail_id": 119, "category_id": 6, "ingredient_name": "진", "measure": "45ml" },
    { "id": 465, "cocktail_id": 119, "category_id": 13, "ingredient_name": "레몬주스", "measure": "15ml" },
    { "id": 466, "cocktail_id": 119, "category_id": 13, "ingredient_name": "장미청", "measure": "22.5ml" },
    { "id": 467, "cocktail_id": 119, "category_id": 13, "ingredient_name": "식용 장미꽃잎", "measure": "1-2 장" },
    { "id": 468, "cocktail_id": 120, "category_id": 12, "ingredient_name": "진로 골드", "measure": "45ml" },
    { "id": 469, "cocktail_id": 120, "category_id": 13, "ingredient_name": "오렌지 주스", "measure": "22.5ml" },
    { "id": 470, "cocktail_id": 120, "category_id": 13, "ingredient_name": "그레나딘 시럽", "measure": "15ml" },
    { "id": 471, "cocktail_id": 120, "category_id": 13, "ingredient_name": "오렌지 슬라이스", "measure": "1개" },
    { "id": 472, "cocktail_id": 121, "category_id": 5, "ingredient_name": "발베니 14년", "measure": "45ml" },
    { "id": 473, "cocktail_id": 121, "category_id": 13, "ingredient_name": "코코넛 크림", "measure": "30ml" },
    { "id": 474, "cocktail_id": 121, "category_id": 13, "ingredient_name": "파인애플 웨지", "measure": "1개" },
    { "id": 475, "cocktail_id": 122, "category_id": 12, "ingredient_name": "진로 골드", "measure": "45ml" },
    { "id": 476, "cocktail_id": 122, "category_id": 13, "ingredient_name": "포도 주스", "measure": "30ml" },
    { "id": 477, "cocktail_id": 122, "category_id": 13, "ingredient_name": "블루베리 시럽", "measure": "15ml" },
    { "id": 478, "cocktail_id": 122, "category_id": 13, "ingredient_name": "탄산수", "measure": "1/2 잔" },
    { "id": 479, "cocktail_id": 122, "category_id": 13, "ingredient_name": "블루베리", "measure": "3-4개" },
    { "id": 480, "cocktail_id": 123, "category_id": 13, "ingredient_name": "장솔주", "measure": "45ml" },
    { "id": 481, "cocktail_id": 123, "category_id": 13, "ingredient_name": "복숭아 넥타", "measure": "15ml" },
    { "id": 482, "cocktail_id": 123, "category_id": 13, "ingredient_name": "레몬주스", "measure": "10ml" },
    { "id": 483, "cocktail_id": 123, "category_id": 3, "ingredient_name": "스파클링 와인", "measure": "30ml" },
    { "id": 484, "cocktail_id": 123, "category_id": 13, "ingredient_name": "복숭아 슬라이스", "measure": "1개" },
    { "id": 485, "cocktail_id": 124, "category_id": 13, "ingredient_name": "켈리", "measure": "45ml" },
    { "id": 486, "cocktail_id": 124, "category_id": 13, "ingredient_name": "패션프루트 주스", "measure": "30ml" },
    { "id": 487, "cocktail_id": 124, "category_id": 13, "ingredient_name": "바닐라 시럽", "measure": "15ml" },
    { "id": 488, "cocktail_id": 124, "category_id": 13, "ingredient_name": "패션프루트", "measure": "1/2개" },
    { "id": 489, "cocktail_id": 125, "category_id": 12, "ingredient_name": "진로 골드", "measure": "45ml" },
    { "id": 490, "cocktail_id": 125, "category_id": 13, "ingredient_name": "매실청", "measure": "22.5ml" },
    { "id": 491, "cocktail_id": 125, "category_id": 13, "ingredient_name": "청포도주스", "measure": "30ml" },
    { "id": 492, "cocktail_id": 125, "category_id": 13, "ingredient_name": "진저에일", "measure": "1/2 잔" },
    { "id": 493, "cocktail_id": 125, "category_id": 13, "ingredient_name": "청매실", "measure": "1개" },
    { "id": 494, "cocktail_id": 126, "category_id": 12, "ingredient_name": "제주 소주", "measure": "45ml" },
    { "id": 495, "cocktail_id": 126, "category_id": 13, "ingredient_name": "한라봉 주스", "measure": "105ml" },
    { "id": 496, "cocktail_id": 126, "category_id": 13, "ingredient_name": "석류 시럽", "measure": "15ml" },
    { "id": 497, "cocktail_id": 126, "category_id": 13, "ingredient_name": "한라봉 슬라이스", "measure": "1개" },
    { "id": 498, "cocktail_id": 127, "category_id": 10, "ingredient_name": "막걸리", "measure": "120ml" },
    { "id": 499, "cocktail_id": 127, "category_id": 13, "ingredient_name": "복숭아 넥타", "measure": "30ml" },
    { "id": 500, "cocktail_id": 127, "category_id": 9, "ingredient_name": "리치 리큐어", "measure": "15ml" },
    { "id": 501, "cocktail_id": 127, "category_id": 13, "ingredient_name": "달걀 흰자", "measure": "1개" },
    { "id": 502, "cocktail_id": 127, "category_id": 13, "ingredient_name": "식용 꽃", "measure": "1-2송이" },
    { "id": 503, "cocktail_id": 128, "category_id": 5, "ingredient_name": "발베니 14년", "measure": "45ml" },
    { "id": 504, "cocktail_id": 128, "category_id": 13, "ingredient_name": "메이플 시럽", "measure": "15ml" },
    { "id": 505, "cocktail_id": 128, "category_id": 13, "ingredient_name": "오렌지 필", "measure": "1개" },
    { "id": 506, "cocktail_id": 129, "category_id": 8, "ingredient_name": "1800 아네조 데킬라", "measure": "45ml" },
    { "id": 507, "cocktail_id": 129, "category_id": 13, "ingredient_name": "장미청", "measure": "22.5ml" },
    { "id": 508, "cocktail_id": 129, "category_id": 13, "ingredient_name": "자몽주스", "measure": "30ml" },
    { "id": 509, "cocktail_id": 129, "category_id": 13, "ingredient_name": "소금", "measure": "1스푼" },
    { "id": 510, "cocktail_id": 129, "category_id": 13, "ingredient_name": "장미잎", "measure": "1장" },
    { "id": 511, "cocktail_id": 130, "category_id": 12, "ingredient_name": "소주", "measure": "45ml" },
    { "id": 512, "cocktail_id": 130, "category_id": 13, "ingredient_name": "베리 퓨레", "measure": "45ml" },
    { "id": 513, "cocktail_id": 130, "category_id": 13, "ingredient_name": "레몬즙", "measure": "15ml" },
    { "id": 514, "cocktail_id": 130, "category_id": 13, "ingredient_name": "소다수", "measure": "1/2 잔" },
    { "id": 515, "cocktail_id": 130, "category_id": 13, "ingredient_name": "신선한 베리", "measure": "2-3개" },
    { "id": 516, "cocktail_id": 131, "category_id": 5, "ingredient_name": "발베니 14년", "measure": "45ml" },
    { "id": 517, "cocktail_id": 131, "category_id": 13, "ingredient_name": "벌꿀", "measure": "15ml" },
    { "id": 518, "cocktail_id": 131, "category_id": 13, "ingredient_name": "생강청", "measure": "15ml" },
    { "id": 519, "cocktail_id": 131, "category_id": 13, "ingredient_name": "시나몬 스틱", "measure": "1개" },
    { "id": 520, "cocktail_id": 131, "category_id": 13, "ingredient_name": "오렌지 제스트", "measure": "1개" },
    { "id": 521, "cocktail_id": 132, "category_id": 12, "ingredient_name": "진로 골드", "measure": "45ml" },
    { "id": 522, "cocktail_id": 132, "category_id": 13, "ingredient_name": "복숭아 주스", "measure": "30ml" },
    { "id": 523, "cocktail_id": 132, "category_id": 9, "ingredient_name": "블루 큐라소", "measure": "15ml" },
    { "id": 524, "cocktail_id": 132, "category_id": 13, "ingredient_name": "레몬즙", "measure": "15ml" },
    { "id": 525, "cocktail_id": 132, "category_id": 13, "ingredient_name": "탄산수", "measure": "1/2 잔" },
    { "id": 526, "cocktail_id": 133, "category_id": 8, "ingredient_name": "1800 아네조 데킬라", "measure": "45ml" },
    { "id": 527, "cocktail_id": 133, "category_id": 13, "ingredient_name": "엘더플라워 시럽", "measure": "22.5ml" },
    { "id": 528, "cocktail_id": 133, "category_id": 13, "ingredient_name": "라임주스", "measure": "15ml" },
    { "id": 529, "cocktail_id": 133, "category_id": 13, "ingredient_name": "살구 슬라이스", "measure": "1개" },
    { "id": 530, "cocktail_id": 134, "category_id": 13, "ingredient_name": "장솔주", "measure": "60ml" },
    { "id": 531, "cocktail_id": 134, "category_id": 3, "ingredient_name": "샴페인", "measure": "90ml" },
    { "id": 532, "cocktail_id": 134, "category_id": 13, "ingredient_name": "레몬 트위스트", "measure": "1개" },
    { "id": 533, "cocktail_id": 134, "category_id": 13, "ingredient_name": "장미꽃잎", "measure": "1-2장" },
    { "id": 534, "cocktail_id": 135, "category_id": 10, "ingredient_name": "막걸리", "measure": "90ml" },
    { "id": 535, "cocktail_id": 135, "category_id": 13, "ingredient_name": "유자청", "measure": "30ml" },
    { "id": 536, "cocktail_id": 135, "category_id": 13, "ingredient_name": "레몬주스", "measure": "15ml" },
    { "id": 537, "cocktail_id": 135, "category_id": 13, "ingredient_name": "진저에일", "measure": "1/2 잔" },
    { "id": 538, "cocktail_id": 135, "category_id": 13, "ingredient_name": "캔디드 진저", "measure": "1개" },
    { "id": 539, "cocktail_id": 136, "category_id": 5, "ingredient_name": "발베니 14년", "measure": "45ml" },
    { "id": 540, "cocktail_id": 136, "category_id": 13, "ingredient_name": "세이지 시럽", "measure": "22.5ml" },
    { "id": 541, "cocktail_id": 136, "category_id": 13, "ingredient_name": "레몬주스", "measure": "15ml" },
    { "id": 542, "cocktail_id": 136, "category_id": 13, "ingredient_name": "애플주스", "measure": "30ml" },
    { "id": 543, "cocktail_id": 136, "category_id": 13, "ingredient_name": "세이지 잎", "measure": "1-2장" },
    { "id": 544, "cocktail_id": 137, "category_id": 12, "ingredient_name": "진로 골드", "measure": "45ml" },
    { "id": 545, "cocktail_id": 137, "category_id": 13, "ingredient_name": "진저에일", "measure": "105ml" },
    { "id": 546, "cocktail_id": 137, "category_id": 13, "ingredient_name": "라임 웨지", "measure": "1개" },
    { "id": 547, "cocktail_id": 138, "category_id": 5, "ingredient_name": "발베니 14년", "measure": "45ml" },
    { "id": 548, "cocktail_id": 138, "category_id": 13, "ingredient_name": "사과즙", "measure": "15ml" },
    { "id": 549, "cocktail_id": 138, "category_id": 13, "ingredient_name": "계피 시럽", "measure": "15ml" },
    { "id": 550, "cocktail_id": 138, "category_id": 13, "ingredient_name": "탄산수", "measure": "1/2 잔" },
    { "id": 551, "cocktail_id": 138, "category_id": 13, "ingredient_name": "사과 슬라이스", "measure": "1개" },
    { "id": 552, "cocktail_id": 139, "category_id": 12, "ingredient_name": "진로 골드", "measure": "45ml" },
    { "id": 553, "cocktail_id": 139, "category_id": 13, "ingredient_name": "엘더플라워 시럽", "measure": "22.5ml" },
    { "id": 554, "cocktail_id": 139, "category_id": 13, "ingredient_name": "레몬주스", "measure": "15ml" },
    { "id": 555, "cocktail_id": 139, "category_id": 3, "ingredient_name": "프로세코", "measure": "60ml" },
    { "id": 556, "cocktail_id": 139, "category_id": 13, "ingredient_name": "식용 꽃", "measure": "1-2송이" },
    { "id": 557, "cocktail_id": 140, "category_id": 8, "ingredient_name": "1800 아네조 데킬라", "measure": "45ml" },
    { "id": 558, "cocktail_id": 140, "category_id": 13, "ingredient_name": "선인장 퓨레", "measure": "30ml" },
    { "id": 559, "cocktail_id": 140, "category_id": 13, "ingredient_name": "라임주스", "measure": "15ml" },
    { "id": 560, "cocktail_id": 140, "category_id": 13, "ingredient_name": "칠리 솔트", "measure": "1스푼" },
    { "id": 561, "cocktail_id": 140, "category_id": 13, "ingredient_name": "라임 휠", "measure": "1개" },
    { "id": 562, "cocktail_id": 141, "category_id": 13, "ingredient_name": "장솔주", "measure": "60ml" },
    { "id": 563, "cocktail_id": 141, "category_id": 13, "ingredient_name": "자색고구마 시럽", "measure": "22.5ml" },
    { "id": 564, "cocktail_id": 141, "category_id": 13, "ingredient_name": "레몬주스", "measure": "15ml" },
    { "id": 565, "cocktail_id": 141, "category_id": 13, "ingredient_name": "달걀 흰자", "measure": "1개" },
    { "id": 566, "cocktail_id": 141, "category_id": 13, "ingredient_name": "식용 꽃", "measure": "1-2송이" },
    { "id": 567, "cocktail_id": 142, "category_id": 13, "ingredient_name": "켈리", "measure": "45ml" },
    { "id": 568, "cocktail_id": 142, "category_id": 9, "ingredient_name": "리치 리큐어", "measure": "15ml" },
    { "id": 569, "cocktail_id": 142, "category_id": 13, "ingredient_name": "크랜베리 주스", "measure": "30ml" },
    { "id": 570, "cocktail_id": 142, "category_id": 13, "ingredient_name": "라즈베리", "measure": "2-3개" },
    { "id": 571, "cocktail_id": 143, "category_id": 5, "ingredient_name": "발베니 14년", "measure": "45ml" },
    { "id": 572, "cocktail_id": 143, "category_id": 13, "ingredient_name": "메이플 시럽", "measure": "15ml" },
    { "id": 573, "cocktail_id": 143, "category_id": 13, "ingredient_name": "초콜릿 비터스", "measure": "2-3 대쉬" },
    { "id": 574, "cocktail_id": 143, "category_id": 13, "ingredient_name": "오렌지 필", "measure": "1개" },
    { "id": 575, "cocktail_id": 143, "category_id": 13, "ingredient_name": "초콜릿 가루", "measure": "1스푼" },
    { "id": 576, "cocktail_id": 144, "category_id": 12, "ingredient_name": "진로 골드", "measure": "45ml" },
    { "id": 577, "cocktail_id": 144, "category_id": 9, "ingredient_name": "블루 큐라소", "measure": "15ml" },
    { "id": 578, "cocktail_id": 144, "category_id": 13, "ingredient_name": "레몬주스", "measure": "15ml" },
    { "id": 579, "cocktail_id": 144, "category_id": 13, "ingredient_name": "탄산수", "measure": "1/2 잔" },
    { "id": 580, "cocktail_id": 144, "category_id": 13, "ingredient_name": "레몬 트위스트", "measure": "1개" },
    { "id": 581, "cocktail_id": 145, "category_id": 8, "ingredient_name": "1800 아네조 데킬라", "measure": "45ml" },
    { "id": 582, "cocktail_id": 145, "category_id": 13, "ingredient_name": "꿀", "measure": "22.5ml" },
    { "id": 583, "cocktail_id": 145, "category_id": 13, "ingredient_name": "오렌지 주스", "measure": "30ml" },
    { "id": 584, "cocktail_id": 145, "category_id": 13, "ingredient_name": "시나몬 스틱", "measure": "1개" },
    { "id": 585, "cocktail_id": 145, "category_id": 13, "ingredient_name": "오렌지 슬라이스", "measure": "1개" },
    { "id": 586, "cocktail_id": 146, "category_id": 5, "ingredient_name": "발베니 14년", "measure": "45ml" },
    { "id": 587, "cocktail_id": 146, "category_id": 13, "ingredient_name": "녹차 시럽", "measure": "15ml" },
    { "id": 588, "cocktail_id": 146, "category_id": 13, "ingredient_name": "레몬즙", "measure": "10ml" },
    { "id": 589, "cocktail_id": 146, "category_id": 13, "ingredient_name": "차가운 녹차", "measure": "60ml" },
    { "id": 590, "cocktail_id": 146, "category_id": 13, "ingredient_name": "말린 녹차잎", "measure": "1-2장" },
    { "id": 591, "cocktail_id": 147, "category_id": 13, "ingredient_name": "켈리", "measure": "45ml" },
    { "id": 592, "cocktail_id": 147, "category_id": 13, "ingredient_name": "시나몬 시럽", "measure": "15ml" },
    { "id": 593, "cocktail_id": 147, "category_id": 13, "ingredient_name": "사과주스", "measure": "30ml" },
    { "id": 594, "cocktail_id": 147, "category_id": 13, "ingredient_name": "계피가루", "measure": "1스푼" },
    { "id": 595, "cocktail_id": 147, "category_id": 13, "ingredient_name": "사과 칩", "measure": "1-2개" },
    { "id": 596, "cocktail_id": 148, "category_id": 8, "ingredient_name": "1800 아네조 데킬라", "measure": "45ml" },
    { "id": 597, "cocktail_id": 148, "category_id": 13, "ingredient_name": "망고 퓨레", "measure": "30ml" },
    { "id": 598, "cocktail_id": 148, "category_id": 13, "ingredient_name": "패션프루트 시럽", "measure": "15ml" },
    { "id": 599, "cocktail_id": 148, "category_id": 13, "ingredient_name": "망고", "measure": "1조각" },
    { "id": 600, "cocktail_id": 148, "category_id": 13, "ingredient_name": "패션프루트", "measure": "1/2개" }
]